"Date (US)","Time Offset","Distance in Miles","Distance in Meters","Lap","Latitude","Longitude","Elevation in Meters","Elevation in Feet","Heart Rate","Cadence","Speed (mps)","Speed (mph)","Temperature (C)","Temperature (F)","Torque","Power","Estimated Power","Calories","Kilojoules","Steps","Stance Time","Leg Spring Stiffness","Stress","VO2 Max","Form Power","Vertical Oscillation"
"03/05/2026 18:13:47","0","0.00000","0.00000","1","0.00000","0.00000","0.00000","0.00000","111.000","0.00000","0.00000","0.00000","0.00000","0.00000","0.00000","0.00000","0.00000","0.00000","0.00000","0.00000","0.00000","0.00000","0.00000","0.00000","0.00000","0.00000"
"03/05/2026 18:13:48","1","0.00000","0.00000","1","0.00000","0.00000","0.00000","0.00000","112.000","0.00000","0.00000","0.00000","0.00000","0.00000","0.00000","0.00000","0.00000","0.00000","0.00000","0.00000","0.00000","0.00000","0.00000","0.00000","0.00000","0.00000"
"03/05/2026 18:13:49","2","0.00000","0.00000","1","0.00000","0.00000","0.00000","0.00000","95.0000","0.00000","0.00000","0.00000","0.00000","0.00000","0.00000","0.00000","0.00000","0.00000","0.00000","0.00000","0.00000","0.00000","0.00000","0.00000","0.00000","0.00000"
"03/05/2026 18:13:50","3","0.00000","0.00000","1","0.00000","0.00000","0.00000","0.00000","91.0000","0.00000","0.00000","0.00000","0.00000","0.00000","0.00000","0.00000","0.00000","0.00000","0.00000","0.00000","0.00000","0.00000","0.00000","0.00000","0.00000","0.00000"
"03/05/2026 18:13:51","4","0.00000","0.00000","1","0.00000","0.00000","0.00000","0.00000","89.0000","0.00000","0.00000","0.00000","0.00000","0.00000","0.00000","0.00000","0.00000","0.00000","0.00000","0.00000","0.00000","0.00000","0.00000","0.00000","0.00000","0.00000"
"03/05/2026 18:13:52","5","0.00000","0.00000","1","0.00000","0.00000","0.00000","0.00000","90.0000","0.00000","0.00000","0.00000","0.00000","0.00000","0.00000","0.00000","0.00000","0.00000","0.00000","0.00000","0.00000","0.00000","0.00000","0.00000","0.00000","0.00000"
"03/05/2026 18:13:53","6","0.00000","0.00000","1","0.00000","0.00000","0.00000","0.00000","90.0000","0.00000","0.00000","0.00000","0.00000","0.00000","0.00000","0.00000","0.00000","0.00000","0.00000","0.00000","0.00000","0.00000","0.00000","0.00000","0.00000","0.00000"
"03/05/2026 18:13:54","7","0.00000","0.00000","1","0.00000","0.00000","0.00000","0.00000","89.0000","0.00000","0.00000","0.00000","0.00000","0.00000","0.00000","0.00000","0.00000","0.00000","0.00000","0.00000","0.00000","0.00000","0.00000","0.00000","0.00000","0.00000"
"03/05/2026 18:13:55","8","0.00000","0.00000","1","0.00000","0.00000","0.00000","0.00000","91.0000","0.00000","0.00000","0.00000","0.00000","0.00000","0.00000","0.00000","0.00000","0.00000","0.00000","0.00000","0.00000","0.00000","0.00000","0.00000","0.00000","0.00000"
"03/05/2026 18:13:56","9","0.00000","0.00000","1","0.00000","0.00000","0.00000","0.00000","92.0000","0.00000","0.00000","0.00000","0.00000","0.00000","0.00000","0.00000","0.00000","0.00000","0.00000","0.00000","0.00000","0.00000","0.00000","0.00000","0.00000","0.00000"
"03/05/2026 18:13:57","10","0.00000","0.00000","1","0.00000","0.00000","0.00000","0.00000","93.0000","0.00000","0.00000","0.00000","0.00000","0.00000","0.00000","0.00000","0.00000","0.00000","0.00000","0.00000","0.00000","0.00000","0.00000","0.00000","0.00000","0.00000"
"03/05/2026 18:13:58","11","0.00000","0.00000","1","0.00000","0.00000","0.00000","0.00000","93.0000","0.00000","0.00000","0.00000","0.00000","0.00000","0.00000","0.00000","0.00000","0.00000","0.00000","0.00000","0.00000","0.00000","0.00000","0.00000","0.00000","0.00000"
"03/05/2026 18:13:59","12","0.00000","0.00000","1","0.00000","0.00000","0.00000","0.00000","94.0000","0.00000","0.00000","0.00000","0.00000","0.00000","0.00000","0.00000","0.00000","0.00000","0.00000","0.00000","0.00000","0.00000","0.00000","0.00000","0.00000","0.00000"
"03/05/2026 18:14:00","13","0.00000","0.00000","1","0.00000","0.00000","0.00000","0.00000","95.0000","0.00000","0.00000","0.00000","0.00000","0.00000","0.00000","0.00000","0.00000","0.00000","0.00000","0.00000","0.00000","0.00000","0.00000","0.00000","0.00000","0.00000"
"03/05/2026 18:14:01","14","0.00000","0.00000","1","0.00000","0.00000","0.00000","0.00000","96.0000","0.00000","0.00000","0.00000","0.00000","0.00000","0.00000","0.00000","0.00000","0.00000","0.00000","0.00000","0.00000","0.00000","0.00000","0.00000","0.00000","0.00000"
"03/05/2026 18:14:02","15","0.00000","0.00000","1","0.00000","0.00000","0.00000","0.00000","96.0000","0.00000","0.00000","0.00000","0.00000","0.00000","0.00000","0.00000","0.00000","0.00000","0.00000","0.00000","0.00000","0.00000","0.00000","0.00000","0.00000","0.00000"
"03/05/2026 18:14:03","16","0.00000","0.00000","1","0.00000","0.00000","0.00000","0.00000","0.00000","0.00000","0.00000","0.00000","0.00000","0.00000","0.00000","0.00000","0.00000","0.00000","0.00000","0.00000","0.00000","0.00000","0.00000","0.00000","0.00000","0.00000"
"03/05/2026 18:14:03","16","0.00000","0.00000","1","0.00000","0.00000","0.00000","0.00000","97.0000","0.00000","0.00000","0.00000","0.00000","0.00000","0.00000","0.00000","0.00000","0.00000","0.00000","0.00000","0.00000","0.00000","0.00000","0.00000","0.00000","0.00000"
"03/05/2026 18:14:04","17","0.00000","0.00000","1","0.00000","0.00000","0.00000","0.00000","98.0000","0.00000","0.00000","0.00000","0.00000","0.00000","0.00000","0.00000","0.00000","0.00000","0.00000","0.00000","0.00000","0.00000","0.00000","0.00000","0.00000","0.00000"
"03/05/2026 18:14:05","18","0.00000","0.00000","1","0.00000","0.00000","0.00000","0.00000","98.0000","0.00000","0.00000","0.00000","0.00000","0.00000","0.00000","0.00000","0.00000","0.00000","0.00000","0.00000","0.00000","0.00000","0.00000","0.00000","0.00000","0.00000"
"03/05/2026 18:14:06","19","0.00000","0.00000","1","0.00000","0.00000","0.00000","0.00000","98.0000","0.00000","0.00000","0.00000","0.00000","0.00000","0.00000","0.00000","0.00000","0.00000","0.00000","0.00000","0.00000","0.00000","0.00000","0.00000","0.00000","0.00000"
"03/05/2026 18:14:07","20","0.00000","0.00000","1","0.00000","0.00000","0.00000","0.00000","98.0000","0.00000","0.00000","0.00000","0.00000","0.00000","0.00000","0.00000","0.00000","0.00000","0.00000","0.00000","0.00000","0.00000","0.00000","0.00000","0.00000","0.00000"
"03/05/2026 18:14:08","21","0.00000","0.00000","1","0.00000","0.00000","0.00000","0.00000","98.0000","0.00000","0.00000","0.00000","0.00000","0.00000","0.00000","0.00000","0.00000","0.00000","0.00000","0.00000","0.00000","0.00000","0.00000","0.00000","0.00000","0.00000"
"03/05/2026 18:14:09","22","0.00000","0.00000","1","0.00000","0.00000","0.00000","0.00000","99.0000","0.00000","0.00000","0.00000","0.00000","0.00000","0.00000","0.00000","0.00000","0.00000","0.00000","0.00000","0.00000","0.00000","0.00000","0.00000","0.00000","0.00000"
"03/05/2026 18:14:10","23","0.00000","0.00000","1","0.00000","0.00000","0.00000","0.00000","99.0000","0.00000","0.00000","0.00000","0.00000","0.00000","0.00000","0.00000","0.00000","0.00000","0.00000","0.00000","0.00000","0.00000","0.00000","0.00000","0.00000","0.00000"
"03/05/2026 18:14:11","24","0.00000","0.00000","1","0.00000","0.00000","0.00000","0.00000","99.0000","0.00000","0.00000","0.00000","0.00000","0.00000","0.00000","0.00000","0.00000","0.00000","0.00000","0.00000","0.00000","0.00000","0.00000","0.00000","0.00000","0.00000"
"03/05/2026 18:14:12","25","0.00000","0.00000","1","0.00000","0.00000","0.00000","0.00000","98.0000","0.00000","0.00000","0.00000","0.00000","0.00000","0.00000","0.00000","0.00000","0.00000","0.00000","0.00000","0.00000","0.00000","0.00000","0.00000","0.00000","0.00000"
"03/05/2026 18:14:13","26","0.00000","0.00000","1","0.00000","0.00000","0.00000","0.00000","0.00000","0.00000","0.00000","0.00000","0.00000","0.00000","0.00000","0.00000","0.00000","0.00000","0.00000","0.00000","0.00000","0.00000","0.00000","0.00000","0.00000","0.00000"
"03/05/2026 18:14:13","26","0.00000","0.00000","1","0.00000","0.00000","0.00000","0.00000","100.000","0.00000","0.00000","0.00000","0.00000","0.00000","0.00000","0.00000","0.00000","0.00000","0.00000","0.00000","0.00000","0.00000","0.00000","0.00000","0.00000","0.00000"
"03/05/2026 18:14:14","27","0.00000","0.00000","1","0.00000","0.00000","0.00000","0.00000","101.000","0.00000","0.00000","0.00000","0.00000","0.00000","0.00000","0.00000","0.00000","0.00000","0.00000","0.00000","0.00000","0.00000","0.00000","0.00000","0.00000","0.00000"
"03/05/2026 18:14:15","28","0.00000","0.00000","1","0.00000","0.00000","0.00000","0.00000","103.000","0.00000","0.00000","0.00000","0.00000","0.00000","0.00000","0.00000","0.00000","0.00000","0.00000","0.00000","0.00000","0.00000","0.00000","0.00000","0.00000","0.00000"
"03/05/2026 18:14:16","29","0.00000","0.00000","1","0.00000","0.00000","0.00000","0.00000","104.000","0.00000","0.00000","0.00000","0.00000","0.00000","0.00000","0.00000","0.00000","0.00000","0.00000","0.00000","0.00000","0.00000","0.00000","0.00000","0.00000","0.00000"
"03/05/2026 18:14:17","30","0.00000","0.00000","1","0.00000","0.00000","0.00000","0.00000","105.000","0.00000","0.00000","0.00000","0.00000","0.00000","0.00000","0.00000","0.00000","0.00000","0.00000","0.00000","0.00000","0.00000","0.00000","0.00000","0.00000","0.00000"
"03/05/2026 18:14:18","31","0.00000","0.00000","1","0.00000","0.00000","0.00000","0.00000","105.000","0.00000","0.00000","0.00000","0.00000","0.00000","0.00000","0.00000","0.00000","0.00000","0.00000","0.00000","0.00000","0.00000","0.00000","0.00000","0.00000","0.00000"
"03/05/2026 18:14:19","32","0.00000","0.00000","1","0.00000","0.00000","0.00000","0.00000","105.000","0.00000","0.00000","0.00000","0.00000","0.00000","0.00000","0.00000","0.00000","0.00000","0.00000","0.00000","0.00000","0.00000","0.00000","0.00000","0.00000","0.00000"
"03/05/2026 18:14:20","33","0.00000","0.00000","1","0.00000","0.00000","0.00000","0.00000","104.000","0.00000","0.00000","0.00000","0.00000","0.00000","0.00000","0.00000","0.00000","0.00000","0.00000","0.00000","0.00000","0.00000","0.00000","0.00000","0.00000","0.00000"
"03/05/2026 18:14:21","34","0.00000","0.00000","1","0.00000","0.00000","0.00000","0.00000","106.000","0.00000","0.00000","0.00000","0.00000","0.00000","0.00000","0.00000","0.00000","0.00000","0.00000","0.00000","0.00000","0.00000","0.00000","0.00000","0.00000","0.00000"
"03/05/2026 18:14:22","35","0.00000","0.00000","1","0.00000","0.00000","0.00000","0.00000","105.000","0.00000","0.00000","0.00000","0.00000","0.00000","0.00000","0.00000","0.00000","0.00000","0.00000","0.00000","0.00000","0.00000","0.00000","0.00000","0.00000","0.00000"
"03/05/2026 18:14:23","36","0.00000","0.00000","1","0.00000","0.00000","0.00000","0.00000","104.000","0.00000","0.00000","0.00000","0.00000","0.00000","0.00000","0.00000","0.00000","0.00000","0.00000","0.00000","0.00000","0.00000","0.00000","0.00000","0.00000","0.00000"
"03/05/2026 18:14:24","37","0.00000","0.00000","1","0.00000","0.00000","0.00000","0.00000","103.000","0.00000","0.00000","0.00000","0.00000","0.00000","0.00000","0.00000","0.00000","0.00000","0.00000","0.00000","0.00000","0.00000","0.00000","0.00000","0.00000","0.00000"
"03/05/2026 18:14:25","38","0.00000","0.00000","1","0.00000","0.00000","0.00000","0.00000","101.000","0.00000","0.00000","0.00000","0.00000","0.00000","0.00000","0.00000","0.00000","0.00000","0.00000","0.00000","0.00000","0.00000","0.00000","0.00000","0.00000","0.00000"
"03/05/2026 18:14:26","39","0.00000","0.00000","1","0.00000","0.00000","0.00000","0.00000","101.000","0.00000","0.00000","0.00000","0.00000","0.00000","0.00000","0.00000","0.00000","0.00000","0.00000","0.00000","0.00000","0.00000","0.00000","0.00000","0.00000","0.00000"
"03/05/2026 18:14:27","40","0.00000","0.00000","1","0.00000","0.00000","0.00000","0.00000","100.000","0.00000","0.00000","0.00000","0.00000","0.00000","0.00000","0.00000","0.00000","0.00000","0.00000","0.00000","0.00000","0.00000","0.00000","0.00000","0.00000","0.00000"
"03/05/2026 18:14:28","41","0.00000","0.00000","1","0.00000","0.00000","0.00000","0.00000","99.0000","0.00000","0.00000","0.00000","0.00000","0.00000","0.00000","0.00000","0.00000","0.00000","0.00000","0.00000","0.00000","0.00000","0.00000","0.00000","0.00000","0.00000"
"03/05/2026 18:14:29","42","0.00000","0.00000","1","0.00000","0.00000","0.00000","0.00000","98.0000","0.00000","0.00000","0.00000","0.00000","0.00000","0.00000","0.00000","0.00000","0.00000","0.00000","0.00000","0.00000","0.00000","0.00000","0.00000","0.00000","0.00000"
"03/05/2026 18:14:30","43","0.00000","0.00000","1","0.00000","0.00000","0.00000","0.00000","97.0000","0.00000","0.00000","0.00000","0.00000","0.00000","0.00000","0.00000","0.00000","0.00000","0.00000","0.00000","0.00000","0.00000","0.00000","0.00000","0.00000","0.00000"
"03/05/2026 18:14:31","44","0.00000","0.00000","1","0.00000","0.00000","0.00000","0.00000","97.0000","0.00000","0.00000","0.00000","0.00000","0.00000","0.00000","0.00000","0.00000","0.00000","0.00000","0.00000","0.00000","0.00000","0.00000","0.00000","0.00000","0.00000"
"03/05/2026 18:14:32","45","0.00000","0.00000","1","0.00000","0.00000","0.00000","0.00000","98.0000","0.00000","0.00000","0.00000","0.00000","0.00000","0.00000","0.00000","0.00000","0.00000","0.00000","0.00000","0.00000","0.00000","0.00000","0.00000","0.00000","0.00000"
"03/05/2026 18:14:33","46","0.00000","0.00000","1","0.00000","0.00000","0.00000","0.00000","98.0000","0.00000","0.00000","0.00000","0.00000","0.00000","0.00000","0.00000","0.00000","0.00000","0.00000","0.00000","0.00000","0.00000","0.00000","0.00000","0.00000","0.00000"
"03/05/2026 18:14:34","47","0.00000","0.00000","1","0.00000","0.00000","0.00000","0.00000","98.0000","0.00000","0.00000","0.00000","0.00000","0.00000","0.00000","0.00000","0.00000","0.00000","0.00000","0.00000","0.00000","0.00000","0.00000","0.00000","0.00000","0.00000"
"03/05/2026 18:14:35","48","0.00000","0.00000","1","0.00000","0.00000","0.00000","0.00000","98.0000","0.00000","0.00000","0.00000","0.00000","0.00000","0.00000","0.00000","0.00000","0.00000","0.00000","0.00000","0.00000","0.00000","0.00000","0.00000","0.00000","0.00000"
"03/05/2026 18:14:36","49","0.00000","0.00000","1","0.00000","0.00000","0.00000","0.00000","97.0000","0.00000","0.00000","0.00000","0.00000","0.00000","0.00000","0.00000","0.00000","0.00000","0.00000","0.00000","0.00000","0.00000","0.00000","0.00000","0.00000","0.00000"
"03/05/2026 18:14:37","50","0.00000","0.00000","1","0.00000","0.00000","0.00000","0.00000","96.0000","0.00000","0.00000","0.00000","0.00000","0.00000","0.00000","0.00000","0.00000","0.00000","0.00000","0.00000","0.00000","0.00000","0.00000","0.00000","0.00000","0.00000"
"03/05/2026 18:14:38","51","0.00000","0.00000","1","0.00000","0.00000","0.00000","0.00000","96.0000","0.00000","0.00000","0.00000","0.00000","0.00000","0.00000","0.00000","0.00000","0.00000","0.00000","0.00000","0.00000","0.00000","0.00000","0.00000","0.00000","0.00000"
"03/05/2026 18:14:39","52","0.00000","0.00000","1","0.00000","0.00000","0.00000","0.00000","96.0000","0.00000","0.00000","0.00000","0.00000","0.00000","0.00000","0.00000","0.00000","0.00000","0.00000","0.00000","0.00000","0.00000","0.00000","0.00000","0.00000","0.00000"
"03/05/2026 18:14:40","53","0.00000","0.00000","1","0.00000","0.00000","0.00000","0.00000","97.0000","0.00000","0.00000","0.00000","0.00000","0.00000","0.00000","0.00000","0.00000","0.00000","0.00000","0.00000","0.00000","0.00000","0.00000","0.00000","0.00000","0.00000"
"03/05/2026 18:14:41","54","0.00000","0.00000","1","0.00000","0.00000","0.00000","0.00000","97.0000","0.00000","0.00000","0.00000","0.00000","0.00000","0.00000","0.00000","0.00000","0.00000","0.00000","0.00000","0.00000","0.00000","0.00000","0.00000","0.00000","0.00000"
"03/05/2026 18:14:42","55","0.00000","0.00000","1","0.00000","0.00000","0.00000","0.00000","98.0000","0.00000","0.00000","0.00000","0.00000","0.00000","0.00000","0.00000","0.00000","0.00000","0.00000","0.00000","0.00000","0.00000","0.00000","0.00000","0.00000","0.00000"
"03/05/2026 18:14:43","56","0.00000","0.00000","1","0.00000","0.00000","0.00000","0.00000","98.0000","0.00000","0.00000","0.00000","0.00000","0.00000","0.00000","0.00000","0.00000","0.00000","0.00000","0.00000","0.00000","0.00000","0.00000","0.00000","0.00000","0.00000"
"03/05/2026 18:14:44","57","0.00000","0.00000","1","0.00000","0.00000","0.00000","0.00000","99.0000","0.00000","0.00000","0.00000","0.00000","0.00000","0.00000","0.00000","0.00000","0.00000","0.00000","0.00000","0.00000","0.00000","0.00000","0.00000","0.00000","0.00000"
"03/05/2026 18:14:45","58","0.00000","0.00000","1","0.00000","0.00000","0.00000","0.00000","0.00000","0.00000","0.00000","0.00000","0.00000","0.00000","0.00000","0.00000","0.00000","0.00000","0.00000","0.00000","0.00000","0.00000","0.00000","0.00000","0.00000","0.00000"
"03/05/2026 18:14:45","58","0.00000","0.00000","1","0.00000","0.00000","0.00000","0.00000","100.000","0.00000","0.00000","0.00000","0.00000","0.00000","0.00000","0.00000","0.00000","0.00000","0.00000","0.00000","0.00000","0.00000","0.00000","0.00000","0.00000","0.00000"
"03/05/2026 18:14:46","59","0.00000","0.00000","1","0.00000","0.00000","0.00000","0.00000","100.000","0.00000","0.00000","0.00000","0.00000","0.00000","0.00000","0.00000","0.00000","0.00000","0.00000","0.00000","0.00000","0.00000","0.00000","0.00000","0.00000","0.00000"
"03/05/2026 18:14:47","60","0.00000","0.00000","1","0.00000","0.00000","0.00000","0.00000","98.0000","0.00000","0.00000","0.00000","0.00000","0.00000","0.00000","0.00000","0.00000","0.00000","0.00000","0.00000","0.00000","0.00000","0.00000","0.00000","0.00000","0.00000"
"03/05/2026 18:14:48","61","0.00000","0.00000","1","0.00000","0.00000","0.00000","0.00000","96.0000","0.00000","0.00000","0.00000","0.00000","0.00000","0.00000","0.00000","0.00000","0.00000","0.00000","0.00000","0.00000","0.00000","0.00000","0.00000","0.00000","0.00000"
"03/05/2026 18:14:49","62","0.00000","0.00000","1","0.00000","0.00000","0.00000","0.00000","96.0000","0.00000","0.00000","0.00000","0.00000","0.00000","0.00000","0.00000","0.00000","0.00000","0.00000","0.00000","0.00000","0.00000","0.00000","0.00000","0.00000","0.00000"
"03/05/2026 18:14:50","63","0.00000","0.00000","1","0.00000","0.00000","0.00000","0.00000","97.0000","0.00000","0.00000","0.00000","0.00000","0.00000","0.00000","0.00000","0.00000","0.00000","0.00000","0.00000","0.00000","0.00000","0.00000","0.00000","0.00000","0.00000"
"03/05/2026 18:14:51","64","0.00000","0.00000","1","0.00000","0.00000","0.00000","0.00000","95.0000","0.00000","0.00000","0.00000","0.00000","0.00000","0.00000","0.00000","0.00000","0.00000","0.00000","0.00000","0.00000","0.00000","0.00000","0.00000","0.00000","0.00000"
"03/05/2026 18:14:52","65","0.00000","0.00000","1","0.00000","0.00000","0.00000","0.00000","97.0000","0.00000","0.00000","0.00000","0.00000","0.00000","0.00000","0.00000","0.00000","0.00000","0.00000","0.00000","0.00000","0.00000","0.00000","0.00000","0.00000","0.00000"
"03/05/2026 18:14:53","66","0.00000","0.00000","1","0.00000","0.00000","0.00000","0.00000","98.0000","0.00000","0.00000","0.00000","0.00000","0.00000","0.00000","0.00000","0.00000","0.00000","0.00000","0.00000","0.00000","0.00000","0.00000","0.00000","0.00000","0.00000"
"03/05/2026 18:14:54","67","0.00000","0.00000","1","0.00000","0.00000","0.00000","0.00000","102.000","0.00000","0.00000","0.00000","0.00000","0.00000","0.00000","0.00000","0.00000","0.00000","0.00000","0.00000","0.00000","0.00000","0.00000","0.00000","0.00000","0.00000"
"03/05/2026 18:14:55","68","0.00000","0.00000","1","0.00000","0.00000","0.00000","0.00000","101.000","0.00000","0.00000","0.00000","0.00000","0.00000","0.00000","0.00000","0.00000","0.00000","0.00000","0.00000","0.00000","0.00000","0.00000","0.00000","0.00000","0.00000"
"03/05/2026 18:14:56","69","0.00000","0.00000","1","0.00000","0.00000","0.00000","0.00000","103.000","0.00000","0.00000","0.00000","0.00000","0.00000","0.00000","0.00000","0.00000","0.00000","0.00000","0.00000","0.00000","0.00000","0.00000","0.00000","0.00000","0.00000"
"03/05/2026 18:14:57","70","0.00000","0.00000","1","0.00000","0.00000","0.00000","0.00000","107.000","0.00000","0.00000","0.00000","0.00000","0.00000","0.00000","0.00000","0.00000","0.00000","0.00000","0.00000","0.00000","0.00000","0.00000","0.00000","0.00000","0.00000"
"03/05/2026 18:14:58","71","0.00000","0.00000","1","0.00000","0.00000","0.00000","0.00000","108.000","0.00000","0.00000","0.00000","0.00000","0.00000","0.00000","0.00000","0.00000","0.00000","0.00000","0.00000","0.00000","0.00000","0.00000","0.00000","0.00000","0.00000"
"03/05/2026 18:14:59","72","0.00000","0.00000","1","0.00000","0.00000","0.00000","0.00000","0.00000","0.00000","0.00000","0.00000","0.00000","0.00000","0.00000","0.00000","0.00000","0.00000","0.00000","0.00000","0.00000","0.00000","0.00000","0.00000","0.00000","0.00000"
"03/05/2026 18:14:59","72","0.00000","0.00000","1","0.00000","0.00000","0.00000","0.00000","109.000","0.00000","0.00000","0.00000","0.00000","0.00000","0.00000","0.00000","0.00000","0.00000","0.00000","0.00000","0.00000","0.00000","0.00000","0.00000","0.00000","0.00000"
"03/05/2026 18:15:00","73","0.00000","0.00000","1","0.00000","0.00000","0.00000","0.00000","112.000","0.00000","0.00000","0.00000","0.00000","0.00000","0.00000","0.00000","0.00000","0.00000","0.00000","0.00000","0.00000","0.00000","0.00000","0.00000","0.00000","0.00000"
"03/05/2026 18:15:05","78","0.00000","0.00000","1","0.00000","0.00000","0.00000","0.00000","114.000","0.00000","0.00000","0.00000","0.00000","0.00000","0.00000","0.00000","0.00000","0.00000","0.00000","0.00000","0.00000","0.00000","0.00000","0.00000","0.00000","0.00000"
"03/05/2026 18:15:06","79","0.00000","0.00000","1","0.00000","0.00000","0.00000","0.00000","114.000","0.00000","0.00000","0.00000","0.00000","0.00000","0.00000","0.00000","0.00000","0.00000","0.00000","0.00000","0.00000","0.00000","0.00000","0.00000","0.00000","0.00000"
"03/05/2026 18:15:07","80","0.00000","0.00000","1","0.00000","0.00000","0.00000","0.00000","114.000","0.00000","0.00000","0.00000","0.00000","0.00000","0.00000","0.00000","0.00000","0.00000","0.00000","0.00000","0.00000","0.00000","0.00000","0.00000","0.00000","0.00000"
"03/05/2026 18:15:08","81","0.00000","0.00000","1","0.00000","0.00000","0.00000","0.00000","112.000","0.00000","0.00000","0.00000","0.00000","0.00000","0.00000","0.00000","0.00000","0.00000","0.00000","0.00000","0.00000","0.00000","0.00000","0.00000","0.00000","0.00000"
"03/05/2026 18:15:09","82","0.00000","0.00000","1","0.00000","0.00000","0.00000","0.00000","113.000","0.00000","0.00000","0.00000","0.00000","0.00000","0.00000","0.00000","0.00000","0.00000","0.00000","0.00000","0.00000","0.00000","0.00000","0.00000","0.00000","0.00000"
"03/05/2026 18:15:10","83","0.00000","0.00000","1","0.00000","0.00000","0.00000","0.00000","111.000","0.00000","0.00000","0.00000","0.00000","0.00000","0.00000","0.00000","0.00000","0.00000","0.00000","0.00000","0.00000","0.00000","0.00000","0.00000","0.00000","0.00000"
"03/05/2026 18:15:11","84","0.00000","0.00000","1","0.00000","0.00000","0.00000","0.00000","111.000","0.00000","0.00000","0.00000","0.00000","0.00000","0.00000","0.00000","0.00000","0.00000","0.00000","0.00000","0.00000","0.00000","0.00000","0.00000","0.00000","0.00000"
"03/05/2026 18:15:12","85","0.00000","0.00000","1","0.00000","0.00000","0.00000","0.00000","111.000","0.00000","0.00000","0.00000","0.00000","0.00000","0.00000","0.00000","0.00000","0.00000","0.00000","0.00000","0.00000","0.00000","0.00000","0.00000","0.00000","0.00000"
"03/05/2026 18:15:13","86","0.00000","0.00000","1","0.00000","0.00000","0.00000","0.00000","113.000","0.00000","0.00000","0.00000","0.00000","0.00000","0.00000","0.00000","0.00000","0.00000","0.00000","0.00000","0.00000","0.00000","0.00000","0.00000","0.00000","0.00000"
"03/05/2026 18:15:14","87","0.00000","0.00000","1","0.00000","0.00000","0.00000","0.00000","114.000","0.00000","0.00000","0.00000","0.00000","0.00000","0.00000","0.00000","0.00000","0.00000","0.00000","0.00000","0.00000","0.00000","0.00000","0.00000","0.00000","0.00000"
"03/05/2026 18:15:15","88","0.00000","0.00000","1","0.00000","0.00000","0.00000","0.00000","114.000","0.00000","0.00000","0.00000","0.00000","0.00000","0.00000","0.00000","0.00000","0.00000","0.00000","0.00000","0.00000","0.00000","0.00000","0.00000","0.00000","0.00000"
"03/05/2026 18:15:16","89","0.00000","0.00000","1","0.00000","0.00000","0.00000","0.00000","114.000","0.00000","0.00000","0.00000","0.00000","0.00000","0.00000","0.00000","0.00000","0.00000","0.00000","0.00000","0.00000","0.00000","0.00000","0.00000","0.00000","0.00000"
"03/05/2026 18:15:17","90","0.00000","0.00000","1","0.00000","0.00000","0.00000","0.00000","114.000","0.00000","0.00000","0.00000","0.00000","0.00000","0.00000","0.00000","0.00000","0.00000","0.00000","0.00000","0.00000","0.00000","0.00000","0.00000","0.00000","0.00000"
"03/05/2026 18:15:18","91","0.00000","0.00000","1","0.00000","0.00000","0.00000","0.00000","113.000","0.00000","0.00000","0.00000","0.00000","0.00000","0.00000","0.00000","0.00000","0.00000","0.00000","0.00000","0.00000","0.00000","0.00000","0.00000","0.00000","0.00000"
"03/05/2026 18:15:19","92","0.00000","0.00000","1","0.00000","0.00000","0.00000","0.00000","112.000","0.00000","0.00000","0.00000","0.00000","0.00000","0.00000","0.00000","0.00000","0.00000","0.00000","0.00000","0.00000","0.00000","0.00000","0.00000","0.00000","0.00000"
"03/05/2026 18:15:20","93","0.00000","0.00000","1","0.00000","0.00000","0.00000","0.00000","112.000","0.00000","0.00000","0.00000","0.00000","0.00000","0.00000","0.00000","0.00000","0.00000","0.00000","0.00000","0.00000","0.00000","0.00000","0.00000","0.00000","0.00000"
"03/05/2026 18:15:21","94","0.00000","0.00000","1","0.00000","0.00000","0.00000","0.00000","111.000","0.00000","0.00000","0.00000","0.00000","0.00000","0.00000","0.00000","0.00000","0.00000","0.00000","0.00000","0.00000","0.00000","0.00000","0.00000","0.00000","0.00000"
"03/05/2026 18:15:22","95","0.00000","0.00000","1","0.00000","0.00000","0.00000","0.00000","112.000","0.00000","0.00000","0.00000","0.00000","0.00000","0.00000","0.00000","0.00000","0.00000","0.00000","0.00000","0.00000","0.00000","0.00000","0.00000","0.00000","0.00000"
"03/05/2026 18:15:23","96","0.00000","0.00000","1","0.00000","0.00000","0.00000","0.00000","112.000","0.00000","0.00000","0.00000","0.00000","0.00000","0.00000","0.00000","0.00000","0.00000","0.00000","0.00000","0.00000","0.00000","0.00000","0.00000","0.00000","0.00000"
"03/05/2026 18:15:24","97","0.00000","0.00000","1","0.00000","0.00000","0.00000","0.00000","114.000","0.00000","0.00000","0.00000","0.00000","0.00000","0.00000","0.00000","0.00000","0.00000","0.00000","0.00000","0.00000","0.00000","0.00000","0.00000","0.00000","0.00000"
"03/05/2026 18:15:25","98","0.00000","0.00000","1","0.00000","0.00000","0.00000","0.00000","115.000","0.00000","0.00000","0.00000","0.00000","0.00000","0.00000","0.00000","0.00000","0.00000","0.00000","0.00000","0.00000","0.00000","0.00000","0.00000","0.00000","0.00000"
"03/05/2026 18:15:26","99","0.00000","0.00000","1","0.00000","0.00000","0.00000","0.00000","116.000","0.00000","0.00000","0.00000","0.00000","0.00000","0.00000","0.00000","0.00000","0.00000","0.00000","0.00000","0.00000","0.00000","0.00000","0.00000","0.00000","0.00000"
"03/05/2026 18:15:27","100","0.00000","0.00000","1","0.00000","0.00000","0.00000","0.00000","117.000","0.00000","0.00000","0.00000","0.00000","0.00000","0.00000","0.00000","0.00000","0.00000","0.00000","0.00000","0.00000","0.00000","0.00000","0.00000","0.00000","0.00000"
"03/05/2026 18:15:28","101","0.00000","0.00000","1","0.00000","0.00000","0.00000","0.00000","118.000","0.00000","0.00000","0.00000","0.00000","0.00000","0.00000","0.00000","0.00000","0.00000","0.00000","0.00000","0.00000","0.00000","0.00000","0.00000","0.00000","0.00000"
"03/05/2026 18:15:29","102","0.00000","0.00000","1","0.00000","0.00000","0.00000","0.00000","120.000","0.00000","0.00000","0.00000","0.00000","0.00000","0.00000","0.00000","0.00000","0.00000","0.00000","0.00000","0.00000","0.00000","0.00000","0.00000","0.00000","0.00000"
"03/05/2026 18:15:30","103","0.00000","0.00000","1","0.00000","0.00000","0.00000","0.00000","122.000","0.00000","0.00000","0.00000","0.00000","0.00000","0.00000","0.00000","0.00000","0.00000","0.00000","0.00000","0.00000","0.00000","0.00000","0.00000","0.00000","0.00000"
"03/05/2026 18:15:31","104","0.00000","0.00000","1","0.00000","0.00000","0.00000","0.00000","123.000","0.00000","0.00000","0.00000","0.00000","0.00000","0.00000","0.00000","0.00000","0.00000","0.00000","0.00000","0.00000","0.00000","0.00000","0.00000","0.00000","0.00000"
"03/05/2026 18:15:32","105","0.00000","0.00000","1","0.00000","0.00000","0.00000","0.00000","121.000","0.00000","0.00000","0.00000","0.00000","0.00000","0.00000","0.00000","0.00000","0.00000","0.00000","0.00000","0.00000","0.00000","0.00000","0.00000","0.00000","0.00000"
"03/05/2026 18:15:33","106","0.00000","0.00000","1","0.00000","0.00000","0.00000","0.00000","120.000","0.00000","0.00000","0.00000","0.00000","0.00000","0.00000","0.00000","0.00000","0.00000","0.00000","0.00000","0.00000","0.00000","0.00000","0.00000","0.00000","0.00000"
"03/05/2026 18:15:34","107","0.00000","0.00000","1","0.00000","0.00000","0.00000","0.00000","119.000","0.00000","0.00000","0.00000","0.00000","0.00000","0.00000","0.00000","0.00000","0.00000","0.00000","0.00000","0.00000","0.00000","0.00000","0.00000","0.00000","0.00000"
"03/05/2026 18:15:35","108","0.00000","0.00000","1","0.00000","0.00000","0.00000","0.00000","117.000","0.00000","0.00000","0.00000","0.00000","0.00000","0.00000","0.00000","0.00000","0.00000","0.00000","0.00000","0.00000","0.00000","0.00000","0.00000","0.00000","0.00000"
"03/05/2026 18:15:36","109","0.00000","0.00000","1","0.00000","0.00000","0.00000","0.00000","115.000","0.00000","0.00000","0.00000","0.00000","0.00000","0.00000","0.00000","0.00000","0.00000","0.00000","0.00000","0.00000","0.00000","0.00000","0.00000","0.00000","0.00000"
"03/05/2026 18:15:37","110","0.00000","0.00000","1","0.00000","0.00000","0.00000","0.00000","115.000","0.00000","0.00000","0.00000","0.00000","0.00000","0.00000","0.00000","0.00000","0.00000","0.00000","0.00000","0.00000","0.00000","0.00000","0.00000","0.00000","0.00000"
"03/05/2026 18:15:38","111","0.00000","0.00000","1","0.00000","0.00000","0.00000","0.00000","116.000","0.00000","0.00000","0.00000","0.00000","0.00000","0.00000","0.00000","0.00000","0.00000","0.00000","0.00000","0.00000","0.00000","0.00000","0.00000","0.00000","0.00000"
"03/05/2026 18:15:39","112","0.00000","0.00000","1","0.00000","0.00000","0.00000","0.00000","117.000","0.00000","0.00000","0.00000","0.00000","0.00000","0.00000","0.00000","0.00000","0.00000","0.00000","0.00000","0.00000","0.00000","0.00000","0.00000","0.00000","0.00000"
"03/05/2026 18:15:40","113","0.00000","0.00000","1","0.00000","0.00000","0.00000","0.00000","117.000","0.00000","0.00000","0.00000","0.00000","0.00000","0.00000","0.00000","0.00000","0.00000","0.00000","0.00000","0.00000","0.00000","0.00000","0.00000","0.00000","0.00000"
"03/05/2026 18:15:41","114","0.00000","0.00000","1","0.00000","0.00000","0.00000","0.00000","117.000","0.00000","0.00000","0.00000","0.00000","0.00000","0.00000","0.00000","0.00000","0.00000","0.00000","0.00000","0.00000","0.00000","0.00000","0.00000","0.00000","0.00000"
"03/05/2026 18:15:42","115","0.00000","0.00000","1","0.00000","0.00000","0.00000","0.00000","118.000","0.00000","0.00000","0.00000","0.00000","0.00000","0.00000","0.00000","0.00000","0.00000","0.00000","0.00000","0.00000","0.00000","0.00000","0.00000","0.00000","0.00000"
"03/05/2026 18:15:43","116","0.00000","0.00000","1","0.00000","0.00000","0.00000","0.00000","117.000","0.00000","0.00000","0.00000","0.00000","0.00000","0.00000","0.00000","0.00000","0.00000","0.00000","0.00000","0.00000","0.00000","0.00000","0.00000","0.00000","0.00000"
"03/05/2026 18:15:44","117","0.00000","0.00000","1","0.00000","0.00000","0.00000","0.00000","116.000","0.00000","0.00000","0.00000","0.00000","0.00000","0.00000","0.00000","0.00000","0.00000","0.00000","0.00000","0.00000","0.00000","0.00000","0.00000","0.00000","0.00000"
"03/05/2026 18:15:45","118","0.00000","0.00000","1","0.00000","0.00000","0.00000","0.00000","118.000","0.00000","0.00000","0.00000","0.00000","0.00000","0.00000","0.00000","0.00000","0.00000","0.00000","0.00000","0.00000","0.00000","0.00000","0.00000","0.00000","0.00000"
"03/05/2026 18:15:46","119","0.00000","0.00000","1","0.00000","0.00000","0.00000","0.00000","119.000","0.00000","0.00000","0.00000","0.00000","0.00000","0.00000","0.00000","0.00000","0.00000","0.00000","0.00000","0.00000","0.00000","0.00000","0.00000","0.00000","0.00000"
"03/05/2026 18:15:47","120","0.00000","0.00000","1","0.00000","0.00000","0.00000","0.00000","117.000","0.00000","0.00000","0.00000","0.00000","0.00000","0.00000","0.00000","0.00000","0.00000","0.00000","0.00000","0.00000","0.00000","0.00000","0.00000","0.00000","0.00000"
"03/05/2026 18:15:48","121","0.00000","0.00000","1","0.00000","0.00000","0.00000","0.00000","116.000","0.00000","0.00000","0.00000","0.00000","0.00000","0.00000","0.00000","0.00000","0.00000","0.00000","0.00000","0.00000","0.00000","0.00000","0.00000","0.00000","0.00000"
"03/05/2026 18:15:49","122","0.00000","0.00000","1","0.00000","0.00000","0.00000","0.00000","116.000","0.00000","0.00000","0.00000","0.00000","0.00000","0.00000","0.00000","0.00000","0.00000","0.00000","0.00000","0.00000","0.00000","0.00000","0.00000","0.00000","0.00000"
"03/05/2026 18:15:50","123","0.00000","0.00000","1","0.00000","0.00000","0.00000","0.00000","117.000","0.00000","0.00000","0.00000","0.00000","0.00000","0.00000","0.00000","0.00000","0.00000","0.00000","0.00000","0.00000","0.00000","0.00000","0.00000","0.00000","0.00000"
"03/05/2026 18:15:51","124","0.00000","0.00000","1","0.00000","0.00000","0.00000","0.00000","116.000","0.00000","0.00000","0.00000","0.00000","0.00000","0.00000","0.00000","0.00000","0.00000","0.00000","0.00000","0.00000","0.00000","0.00000","0.00000","0.00000","0.00000"
"03/05/2026 18:15:52","125","0.00000","0.00000","1","0.00000","0.00000","0.00000","0.00000","117.000","0.00000","0.00000","0.00000","0.00000","0.00000","0.00000","0.00000","0.00000","0.00000","0.00000","0.00000","0.00000","0.00000","0.00000","0.00000","0.00000","0.00000"
"03/05/2026 18:15:53","126","0.00000","0.00000","1","0.00000","0.00000","0.00000","0.00000","117.000","0.00000","0.00000","0.00000","0.00000","0.00000","0.00000","0.00000","0.00000","0.00000","0.00000","0.00000","0.00000","0.00000","0.00000","0.00000","0.00000","0.00000"
"03/05/2026 18:15:54","127","0.00000","0.00000","1","0.00000","0.00000","0.00000","0.00000","117.000","0.00000","0.00000","0.00000","0.00000","0.00000","0.00000","0.00000","0.00000","0.00000","0.00000","0.00000","0.00000","0.00000","0.00000","0.00000","0.00000","0.00000"
"03/05/2026 18:15:55","128","0.00000","0.00000","1","0.00000","0.00000","0.00000","0.00000","117.000","0.00000","0.00000","0.00000","0.00000","0.00000","0.00000","0.00000","0.00000","0.00000","0.00000","0.00000","0.00000","0.00000","0.00000","0.00000","0.00000","0.00000"
"03/05/2026 18:15:56","129","0.00000","0.00000","1","0.00000","0.00000","0.00000","0.00000","117.000","0.00000","0.00000","0.00000","0.00000","0.00000","0.00000","0.00000","0.00000","0.00000","0.00000","0.00000","0.00000","0.00000","0.00000","0.00000","0.00000","0.00000"
"03/05/2026 18:15:57","130","0.00000","0.00000","1","0.00000","0.00000","0.00000","0.00000","116.000","0.00000","0.00000","0.00000","0.00000","0.00000","0.00000","0.00000","0.00000","0.00000","0.00000","0.00000","0.00000","0.00000","0.00000","0.00000","0.00000","0.00000"
"03/05/2026 18:15:58","131","0.00000","0.00000","1","0.00000","0.00000","0.00000","0.00000","117.000","0.00000","0.00000","0.00000","0.00000","0.00000","0.00000","0.00000","0.00000","0.00000","0.00000","0.00000","0.00000","0.00000","0.00000","0.00000","0.00000","0.00000"
"03/05/2026 18:15:59","132","0.00000","0.00000","1","0.00000","0.00000","0.00000","0.00000","0.00000","0.00000","0.00000","0.00000","0.00000","0.00000","0.00000","0.00000","0.00000","0.00000","0.00000","0.00000","0.00000","0.00000","0.00000","0.00000","0.00000","0.00000"
"03/05/2026 18:15:59","132","0.00000","0.00000","1","0.00000","0.00000","0.00000","0.00000","118.000","0.00000","0.00000","0.00000","0.00000","0.00000","0.00000","0.00000","0.00000","0.00000","0.00000","0.00000","0.00000","0.00000","0.00000","0.00000","0.00000","0.00000"
"03/05/2026 18:16:00","133","0.00000","0.00000","1","0.00000","0.00000","0.00000","0.00000","118.000","0.00000","0.00000","0.00000","0.00000","0.00000","0.00000","0.00000","0.00000","0.00000","0.00000","0.00000","0.00000","0.00000","0.00000","0.00000","0.00000","0.00000"
"03/05/2026 18:16:01","134","0.00000","0.00000","1","0.00000","0.00000","0.00000","0.00000","116.000","0.00000","0.00000","0.00000","0.00000","0.00000","0.00000","0.00000","0.00000","0.00000","0.00000","0.00000","0.00000","0.00000","0.00000","0.00000","0.00000","0.00000"
"03/05/2026 18:16:02","135","0.00000","0.00000","1","0.00000","0.00000","0.00000","0.00000","116.000","0.00000","0.00000","0.00000","0.00000","0.00000","0.00000","0.00000","0.00000","0.00000","0.00000","0.00000","0.00000","0.00000","0.00000","0.00000","0.00000","0.00000"
"03/05/2026 18:16:03","136","0.00000","0.00000","1","0.00000","0.00000","0.00000","0.00000","116.000","0.00000","0.00000","0.00000","0.00000","0.00000","0.00000","0.00000","0.00000","0.00000","0.00000","0.00000","0.00000","0.00000","0.00000","0.00000","0.00000","0.00000"
"03/05/2026 18:16:04","137","0.00000","0.00000","1","0.00000","0.00000","0.00000","0.00000","116.000","0.00000","0.00000","0.00000","0.00000","0.00000","0.00000","0.00000","0.00000","0.00000","0.00000","0.00000","0.00000","0.00000","0.00000","0.00000","0.00000","0.00000"
"03/05/2026 18:16:05","138","0.00000","0.00000","1","0.00000","0.00000","0.00000","0.00000","117.000","0.00000","0.00000","0.00000","0.00000","0.00000","0.00000","0.00000","0.00000","0.00000","0.00000","0.00000","0.00000","0.00000","0.00000","0.00000","0.00000","0.00000"
"03/05/2026 18:16:06","139","0.00000","0.00000","1","0.00000","0.00000","0.00000","0.00000","117.000","0.00000","0.00000","0.00000","0.00000","0.00000","0.00000","0.00000","0.00000","0.00000","0.00000","0.00000","0.00000","0.00000","0.00000","0.00000","0.00000","0.00000"
"03/05/2026 18:16:07","140","0.00000","0.00000","1","0.00000","0.00000","0.00000","0.00000","117.000","0.00000","0.00000","0.00000","0.00000","0.00000","0.00000","0.00000","0.00000","0.00000","0.00000","0.00000","0.00000","0.00000","0.00000","0.00000","0.00000","0.00000"
"03/05/2026 18:16:08","141","0.00000","0.00000","1","0.00000","0.00000","0.00000","0.00000","116.000","0.00000","0.00000","0.00000","0.00000","0.00000","0.00000","0.00000","0.00000","0.00000","0.00000","0.00000","0.00000","0.00000","0.00000","0.00000","0.00000","0.00000"
"03/05/2026 18:16:09","142","0.00000","0.00000","1","0.00000","0.00000","0.00000","0.00000","117.000","0.00000","0.00000","0.00000","0.00000","0.00000","0.00000","0.00000","0.00000","0.00000","0.00000","0.00000","0.00000","0.00000","0.00000","0.00000","0.00000","0.00000"
"03/05/2026 18:16:10","143","0.00000","0.00000","1","0.00000","0.00000","0.00000","0.00000","116.000","0.00000","0.00000","0.00000","0.00000","0.00000","0.00000","0.00000","0.00000","0.00000","0.00000","0.00000","0.00000","0.00000","0.00000","0.00000","0.00000","0.00000"
"03/05/2026 18:16:11","144","0.00000","0.00000","1","0.00000","0.00000","0.00000","0.00000","115.000","0.00000","0.00000","0.00000","0.00000","0.00000","0.00000","0.00000","0.00000","0.00000","0.00000","0.00000","0.00000","0.00000","0.00000","0.00000","0.00000","0.00000"
"03/05/2026 18:16:12","145","0.00000","0.00000","1","0.00000","0.00000","0.00000","0.00000","114.000","0.00000","0.00000","0.00000","0.00000","0.00000","0.00000","0.00000","0.00000","0.00000","0.00000","0.00000","0.00000","0.00000","0.00000","0.00000","0.00000","0.00000"
"03/05/2026 18:16:13","146","0.00000","0.00000","1","0.00000","0.00000","0.00000","0.00000","114.000","0.00000","0.00000","0.00000","0.00000","0.00000","0.00000","0.00000","0.00000","0.00000","0.00000","0.00000","0.00000","0.00000","0.00000","0.00000","0.00000","0.00000"
"03/05/2026 18:16:14","147","0.00000","0.00000","1","0.00000","0.00000","0.00000","0.00000","111.000","0.00000","0.00000","0.00000","0.00000","0.00000","0.00000","0.00000","0.00000","0.00000","0.00000","0.00000","0.00000","0.00000","0.00000","0.00000","0.00000","0.00000"
"03/05/2026 18:16:15","148","0.00000","0.00000","1","0.00000","0.00000","0.00000","0.00000","113.000","0.00000","0.00000","0.00000","0.00000","0.00000","0.00000","0.00000","0.00000","0.00000","0.00000","0.00000","0.00000","0.00000","0.00000","0.00000","0.00000","0.00000"
"03/05/2026 18:16:16","149","0.00000","0.00000","1","0.00000","0.00000","0.00000","0.00000","113.000","0.00000","0.00000","0.00000","0.00000","0.00000","0.00000","0.00000","0.00000","0.00000","0.00000","0.00000","0.00000","0.00000","0.00000","0.00000","0.00000","0.00000"
"03/05/2026 18:16:17","150","0.00000","0.00000","1","0.00000","0.00000","0.00000","0.00000","113.000","0.00000","0.00000","0.00000","0.00000","0.00000","0.00000","0.00000","0.00000","0.00000","0.00000","0.00000","0.00000","0.00000","0.00000","0.00000","0.00000","0.00000"
"03/05/2026 18:16:18","151","0.00000","0.00000","1","0.00000","0.00000","0.00000","0.00000","112.000","0.00000","0.00000","0.00000","0.00000","0.00000","0.00000","0.00000","0.00000","0.00000","0.00000","0.00000","0.00000","0.00000","0.00000","0.00000","0.00000","0.00000"
"03/05/2026 18:16:19","152","0.00000","0.00000","1","0.00000","0.00000","0.00000","0.00000","112.000","0.00000","0.00000","0.00000","0.00000","0.00000","0.00000","0.00000","0.00000","0.00000","0.00000","0.00000","0.00000","0.00000","0.00000","0.00000","0.00000","0.00000"
"03/05/2026 18:16:20","153","0.00000","0.00000","1","0.00000","0.00000","0.00000","0.00000","111.000","0.00000","0.00000","0.00000","0.00000","0.00000","0.00000","0.00000","0.00000","0.00000","0.00000","0.00000","0.00000","0.00000","0.00000","0.00000","0.00000","0.00000"
"03/05/2026 18:16:21","154","0.00000","0.00000","1","0.00000","0.00000","0.00000","0.00000","111.000","0.00000","0.00000","0.00000","0.00000","0.00000","0.00000","0.00000","0.00000","0.00000","0.00000","0.00000","0.00000","0.00000","0.00000","0.00000","0.00000","0.00000"
"03/05/2026 18:16:22","155","0.00000","0.00000","1","0.00000","0.00000","0.00000","0.00000","113.000","0.00000","0.00000","0.00000","0.00000","0.00000","0.00000","0.00000","0.00000","0.00000","0.00000","0.00000","0.00000","0.00000","0.00000","0.00000","0.00000","0.00000"
"03/05/2026 18:16:23","156","0.00000","0.00000","1","0.00000","0.00000","0.00000","0.00000","115.000","0.00000","0.00000","0.00000","0.00000","0.00000","0.00000","0.00000","0.00000","0.00000","0.00000","0.00000","0.00000","0.00000","0.00000","0.00000","0.00000","0.00000"
"03/05/2026 18:16:24","157","0.00000","0.00000","1","0.00000","0.00000","0.00000","0.00000","114.000","0.00000","0.00000","0.00000","0.00000","0.00000","0.00000","0.00000","0.00000","0.00000","0.00000","0.00000","0.00000","0.00000","0.00000","0.00000","0.00000","0.00000"
"03/05/2026 18:16:25","158","0.00000","0.00000","1","0.00000","0.00000","0.00000","0.00000","115.000","0.00000","0.00000","0.00000","0.00000","0.00000","0.00000","0.00000","0.00000","0.00000","0.00000","0.00000","0.00000","0.00000","0.00000","0.00000","0.00000","0.00000"
"03/05/2026 18:16:26","159","0.00000","0.00000","1","0.00000","0.00000","0.00000","0.00000","115.000","0.00000","0.00000","0.00000","0.00000","0.00000","0.00000","0.00000","0.00000","0.00000","0.00000","0.00000","0.00000","0.00000","0.00000","0.00000","0.00000","0.00000"
"03/05/2026 18:16:27","160","0.00000","0.00000","1","0.00000","0.00000","0.00000","0.00000","116.000","0.00000","0.00000","0.00000","0.00000","0.00000","0.00000","0.00000","0.00000","0.00000","0.00000","0.00000","0.00000","0.00000","0.00000","0.00000","0.00000","0.00000"
"03/05/2026 18:16:28","161","0.00000","0.00000","1","0.00000","0.00000","0.00000","0.00000","117.000","0.00000","0.00000","0.00000","0.00000","0.00000","0.00000","0.00000","0.00000","0.00000","0.00000","0.00000","0.00000","0.00000","0.00000","0.00000","0.00000","0.00000"
"03/05/2026 18:16:29","162","0.00000","0.00000","1","0.00000","0.00000","0.00000","0.00000","117.000","0.00000","0.00000","0.00000","0.00000","0.00000","0.00000","0.00000","0.00000","0.00000","0.00000","0.00000","0.00000","0.00000","0.00000","0.00000","0.00000","0.00000"
"03/05/2026 18:16:30","163","0.00000","0.00000","1","0.00000","0.00000","0.00000","0.00000","118.000","0.00000","0.00000","0.00000","0.00000","0.00000","0.00000","0.00000","0.00000","0.00000","0.00000","0.00000","0.00000","0.00000","0.00000","0.00000","0.00000","0.00000"
"03/05/2026 18:16:31","164","0.00000","0.00000","1","0.00000","0.00000","0.00000","0.00000","118.000","0.00000","0.00000","0.00000","0.00000","0.00000","0.00000","0.00000","0.00000","0.00000","0.00000","0.00000","0.00000","0.00000","0.00000","0.00000","0.00000","0.00000"
"03/05/2026 18:16:32","165","0.00000","0.00000","1","0.00000","0.00000","0.00000","0.00000","118.000","0.00000","0.00000","0.00000","0.00000","0.00000","0.00000","0.00000","0.00000","0.00000","0.00000","0.00000","0.00000","0.00000","0.00000","0.00000","0.00000","0.00000"
"03/05/2026 18:16:33","166","0.00000","0.00000","1","0.00000","0.00000","0.00000","0.00000","117.000","0.00000","0.00000","0.00000","0.00000","0.00000","0.00000","0.00000","0.00000","0.00000","0.00000","0.00000","0.00000","0.00000","0.00000","0.00000","0.00000","0.00000"
"03/05/2026 18:16:34","167","0.00000","0.00000","1","0.00000","0.00000","0.00000","0.00000","119.000","0.00000","0.00000","0.00000","0.00000","0.00000","0.00000","0.00000","0.00000","0.00000","0.00000","0.00000","0.00000","0.00000","0.00000","0.00000","0.00000","0.00000"
"03/05/2026 18:16:35","168","0.00000","0.00000","1","0.00000","0.00000","0.00000","0.00000","118.000","0.00000","0.00000","0.00000","0.00000","0.00000","0.00000","0.00000","0.00000","0.00000","0.00000","0.00000","0.00000","0.00000","0.00000","0.00000","0.00000","0.00000"
"03/05/2026 18:16:36","169","0.00000","0.00000","1","0.00000","0.00000","0.00000","0.00000","121.000","0.00000","0.00000","0.00000","0.00000","0.00000","0.00000","0.00000","0.00000","0.00000","0.00000","0.00000","0.00000","0.00000","0.00000","0.00000","0.00000","0.00000"
"03/05/2026 18:16:37","170","0.00000","0.00000","1","0.00000","0.00000","0.00000","0.00000","119.000","0.00000","0.00000","0.00000","0.00000","0.00000","0.00000","0.00000","0.00000","0.00000","0.00000","0.00000","0.00000","0.00000","0.00000","0.00000","0.00000","0.00000"
"03/05/2026 18:16:38","171","0.00000","0.00000","1","0.00000","0.00000","0.00000","0.00000","119.000","0.00000","0.00000","0.00000","0.00000","0.00000","0.00000","0.00000","0.00000","0.00000","0.00000","0.00000","0.00000","0.00000","0.00000","0.00000","0.00000","0.00000"
"03/05/2026 18:16:39","172","0.00000","0.00000","1","0.00000","0.00000","0.00000","0.00000","120.000","0.00000","0.00000","0.00000","0.00000","0.00000","0.00000","0.00000","0.00000","0.00000","0.00000","0.00000","0.00000","0.00000","0.00000","0.00000","0.00000","0.00000"
"03/05/2026 18:16:40","173","0.00000","0.00000","1","0.00000","0.00000","0.00000","0.00000","118.000","0.00000","0.00000","0.00000","0.00000","0.00000","0.00000","0.00000","0.00000","0.00000","0.00000","0.00000","0.00000","0.00000","0.00000","0.00000","0.00000","0.00000"
"03/05/2026 18:16:41","174","0.00000","0.00000","1","0.00000","0.00000","0.00000","0.00000","119.000","0.00000","0.00000","0.00000","0.00000","0.00000","0.00000","0.00000","0.00000","0.00000","0.00000","0.00000","0.00000","0.00000","0.00000","0.00000","0.00000","0.00000"
"03/05/2026 18:16:42","175","0.00000","0.00000","1","0.00000","0.00000","0.00000","0.00000","118.000","0.00000","0.00000","0.00000","0.00000","0.00000","0.00000","0.00000","0.00000","0.00000","0.00000","0.00000","0.00000","0.00000","0.00000","0.00000","0.00000","0.00000"
"03/05/2026 18:16:43","176","0.00000","0.00000","1","0.00000","0.00000","0.00000","0.00000","117.000","0.00000","0.00000","0.00000","0.00000","0.00000","0.00000","0.00000","0.00000","0.00000","0.00000","0.00000","0.00000","0.00000","0.00000","0.00000","0.00000","0.00000"
"03/05/2026 18:16:44","177","0.00000","0.00000","1","0.00000","0.00000","0.00000","0.00000","116.000","0.00000","0.00000","0.00000","0.00000","0.00000","0.00000","0.00000","0.00000","0.00000","0.00000","0.00000","0.00000","0.00000","0.00000","0.00000","0.00000","0.00000"
"03/05/2026 18:16:45","178","0.00000","0.00000","1","0.00000","0.00000","0.00000","0.00000","116.000","0.00000","0.00000","0.00000","0.00000","0.00000","0.00000","0.00000","0.00000","0.00000","0.00000","0.00000","0.00000","0.00000","0.00000","0.00000","0.00000","0.00000"
"03/05/2026 18:16:46","179","0.00000","0.00000","1","0.00000","0.00000","0.00000","0.00000","117.000","0.00000","0.00000","0.00000","0.00000","0.00000","0.00000","0.00000","0.00000","0.00000","0.00000","0.00000","0.00000","0.00000","0.00000","0.00000","0.00000","0.00000"
"03/05/2026 18:16:47","180","0.00000","0.00000","1","0.00000","0.00000","0.00000","0.00000","119.000","0.00000","0.00000","0.00000","0.00000","0.00000","0.00000","0.00000","0.00000","0.00000","0.00000","0.00000","0.00000","0.00000","0.00000","0.00000","0.00000","0.00000"
"03/05/2026 18:16:48","181","0.00000","0.00000","1","0.00000","0.00000","0.00000","0.00000","121.000","0.00000","0.00000","0.00000","0.00000","0.00000","0.00000","0.00000","0.00000","0.00000","0.00000","0.00000","0.00000","0.00000","0.00000","0.00000","0.00000","0.00000"
"03/05/2026 18:16:49","182","0.00000","0.00000","1","0.00000","0.00000","0.00000","0.00000","122.000","0.00000","0.00000","0.00000","0.00000","0.00000","0.00000","0.00000","0.00000","0.00000","0.00000","0.00000","0.00000","0.00000","0.00000","0.00000","0.00000","0.00000"
"03/05/2026 18:16:50","183","0.00000","0.00000","1","0.00000","0.00000","0.00000","0.00000","120.000","0.00000","0.00000","0.00000","0.00000","0.00000","0.00000","0.00000","0.00000","0.00000","0.00000","0.00000","0.00000","0.00000","0.00000","0.00000","0.00000","0.00000"
"03/05/2026 18:16:51","184","0.00000","0.00000","1","0.00000","0.00000","0.00000","0.00000","123.000","0.00000","0.00000","0.00000","0.00000","0.00000","0.00000","0.00000","0.00000","0.00000","0.00000","0.00000","0.00000","0.00000","0.00000","0.00000","0.00000","0.00000"
"03/05/2026 18:16:52","185","0.00000","0.00000","1","0.00000","0.00000","0.00000","0.00000","124.000","0.00000","0.00000","0.00000","0.00000","0.00000","0.00000","0.00000","0.00000","0.00000","0.00000","0.00000","0.00000","0.00000","0.00000","0.00000","0.00000","0.00000"
"03/05/2026 18:16:53","186","0.00000","0.00000","1","0.00000","0.00000","0.00000","0.00000","127.000","0.00000","0.00000","0.00000","0.00000","0.00000","0.00000","0.00000","0.00000","0.00000","0.00000","0.00000","0.00000","0.00000","0.00000","0.00000","0.00000","0.00000"
"03/05/2026 18:16:54","187","0.00000","0.00000","1","0.00000","0.00000","0.00000","0.00000","127.000","0.00000","0.00000","0.00000","0.00000","0.00000","0.00000","0.00000","0.00000","0.00000","0.00000","0.00000","0.00000","0.00000","0.00000","0.00000","0.00000","0.00000"
"03/05/2026 18:16:55","188","0.00000","0.00000","1","0.00000","0.00000","0.00000","0.00000","125.000","0.00000","0.00000","0.00000","0.00000","0.00000","0.00000","0.00000","0.00000","0.00000","0.00000","0.00000","0.00000","0.00000","0.00000","0.00000","0.00000","0.00000"
"03/05/2026 18:16:56","189","0.00000","0.00000","1","0.00000","0.00000","0.00000","0.00000","124.000","0.00000","0.00000","0.00000","0.00000","0.00000","0.00000","0.00000","0.00000","0.00000","0.00000","0.00000","0.00000","0.00000","0.00000","0.00000","0.00000","0.00000"
"03/05/2026 18:16:57","190","0.00000","0.00000","1","0.00000","0.00000","0.00000","0.00000","124.000","0.00000","0.00000","0.00000","0.00000","0.00000","0.00000","0.00000","0.00000","0.00000","0.00000","0.00000","0.00000","0.00000","0.00000","0.00000","0.00000","0.00000"
"03/05/2026 18:16:58","191","0.00000","0.00000","1","0.00000","0.00000","0.00000","0.00000","123.000","0.00000","0.00000","0.00000","0.00000","0.00000","0.00000","0.00000","0.00000","0.00000","0.00000","0.00000","0.00000","0.00000","0.00000","0.00000","0.00000","0.00000"
"03/05/2026 18:16:59","192","0.00000","0.00000","1","0.00000","0.00000","0.00000","0.00000","0.00000","0.00000","0.00000","0.00000","0.00000","0.00000","0.00000","0.00000","0.00000","0.00000","0.00000","0.00000","0.00000","0.00000","0.00000","0.00000","0.00000","0.00000"
"03/05/2026 18:16:59","192","0.00000","0.00000","1","0.00000","0.00000","0.00000","0.00000","123.000","0.00000","0.00000","0.00000","0.00000","0.00000","0.00000","0.00000","0.00000","0.00000","0.00000","0.00000","0.00000","0.00000","0.00000","0.00000","0.00000","0.00000"
"03/05/2026 18:17:00","193","0.00000","0.00000","1","0.00000","0.00000","0.00000","0.00000","123.000","0.00000","0.00000","0.00000","0.00000","0.00000","0.00000","0.00000","0.00000","0.00000","0.00000","0.00000","0.00000","0.00000","0.00000","0.00000","0.00000","0.00000"
"03/05/2026 18:17:01","194","0.00000","0.00000","1","0.00000","0.00000","0.00000","0.00000","123.000","0.00000","0.00000","0.00000","0.00000","0.00000","0.00000","0.00000","0.00000","0.00000","0.00000","0.00000","0.00000","0.00000","0.00000","0.00000","0.00000","0.00000"
"03/05/2026 18:17:02","195","0.00000","0.00000","1","0.00000","0.00000","0.00000","0.00000","124.000","0.00000","0.00000","0.00000","0.00000","0.00000","0.00000","0.00000","0.00000","0.00000","0.00000","0.00000","0.00000","0.00000","0.00000","0.00000","0.00000","0.00000"
"03/05/2026 18:17:03","196","0.00000","0.00000","1","0.00000","0.00000","0.00000","0.00000","125.000","0.00000","0.00000","0.00000","0.00000","0.00000","0.00000","0.00000","0.00000","0.00000","0.00000","0.00000","0.00000","0.00000","0.00000","0.00000","0.00000","0.00000"
"03/05/2026 18:17:04","197","0.00000","0.00000","1","0.00000","0.00000","0.00000","0.00000","125.000","0.00000","0.00000","0.00000","0.00000","0.00000","0.00000","0.00000","0.00000","0.00000","0.00000","0.00000","0.00000","0.00000","0.00000","0.00000","0.00000","0.00000"
"03/05/2026 18:17:05","198","0.00000","0.00000","1","0.00000","0.00000","0.00000","0.00000","125.000","0.00000","0.00000","0.00000","0.00000","0.00000","0.00000","0.00000","0.00000","0.00000","0.00000","0.00000","0.00000","0.00000","0.00000","0.00000","0.00000","0.00000"
"03/05/2026 18:17:06","199","0.00000","0.00000","1","0.00000","0.00000","0.00000","0.00000","126.000","0.00000","0.00000","0.00000","0.00000","0.00000","0.00000","0.00000","0.00000","0.00000","0.00000","0.00000","0.00000","0.00000","0.00000","0.00000","0.00000","0.00000"
"03/05/2026 18:17:07","200","0.00000","0.00000","1","0.00000","0.00000","0.00000","0.00000","125.000","0.00000","0.00000","0.00000","0.00000","0.00000","0.00000","0.00000","0.00000","0.00000","0.00000","0.00000","0.00000","0.00000","0.00000","0.00000","0.00000","0.00000"
"03/05/2026 18:17:08","201","0.00000","0.00000","1","0.00000","0.00000","0.00000","0.00000","125.000","0.00000","0.00000","0.00000","0.00000","0.00000","0.00000","0.00000","0.00000","0.00000","0.00000","0.00000","0.00000","0.00000","0.00000","0.00000","0.00000","0.00000"
"03/05/2026 18:17:09","202","0.00000","0.00000","1","0.00000","0.00000","0.00000","0.00000","125.000","0.00000","0.00000","0.00000","0.00000","0.00000","0.00000","0.00000","0.00000","0.00000","0.00000","0.00000","0.00000","0.00000","0.00000","0.00000","0.00000","0.00000"
"03/05/2026 18:17:10","203","0.00000","0.00000","1","0.00000","0.00000","0.00000","0.00000","127.000","0.00000","0.00000","0.00000","0.00000","0.00000","0.00000","0.00000","0.00000","0.00000","0.00000","0.00000","0.00000","0.00000","0.00000","0.00000","0.00000","0.00000"
"03/05/2026 18:17:11","204","0.00000","0.00000","1","0.00000","0.00000","0.00000","0.00000","125.000","0.00000","0.00000","0.00000","0.00000","0.00000","0.00000","0.00000","0.00000","0.00000","0.00000","0.00000","0.00000","0.00000","0.00000","0.00000","0.00000","0.00000"
"03/05/2026 18:17:12","205","0.00000","0.00000","1","0.00000","0.00000","0.00000","0.00000","126.000","0.00000","0.00000","0.00000","0.00000","0.00000","0.00000","0.00000","0.00000","0.00000","0.00000","0.00000","0.00000","0.00000","0.00000","0.00000","0.00000","0.00000"
"03/05/2026 18:17:13","206","0.00000","0.00000","1","0.00000","0.00000","0.00000","0.00000","125.000","0.00000","0.00000","0.00000","0.00000","0.00000","0.00000","0.00000","0.00000","0.00000","0.00000","0.00000","0.00000","0.00000","0.00000","0.00000","0.00000","0.00000"
"03/05/2026 18:17:14","207","0.00000","0.00000","1","0.00000","0.00000","0.00000","0.00000","127.000","0.00000","0.00000","0.00000","0.00000","0.00000","0.00000","0.00000","0.00000","0.00000","0.00000","0.00000","0.00000","0.00000","0.00000","0.00000","0.00000","0.00000"
"03/05/2026 18:17:15","208","0.00000","0.00000","1","0.00000","0.00000","0.00000","0.00000","126.000","0.00000","0.00000","0.00000","0.00000","0.00000","0.00000","0.00000","0.00000","0.00000","0.00000","0.00000","0.00000","0.00000","0.00000","0.00000","0.00000","0.00000"
"03/05/2026 18:17:16","209","0.00000","0.00000","1","0.00000","0.00000","0.00000","0.00000","126.000","0.00000","0.00000","0.00000","0.00000","0.00000","0.00000","0.00000","0.00000","0.00000","0.00000","0.00000","0.00000","0.00000","0.00000","0.00000","0.00000","0.00000"
"03/05/2026 18:17:17","210","0.00000","0.00000","1","0.00000","0.00000","0.00000","0.00000","126.000","0.00000","0.00000","0.00000","0.00000","0.00000","0.00000","0.00000","0.00000","0.00000","0.00000","0.00000","0.00000","0.00000","0.00000","0.00000","0.00000","0.00000"
"03/05/2026 18:17:18","211","0.00000","0.00000","1","0.00000","0.00000","0.00000","0.00000","127.000","0.00000","0.00000","0.00000","0.00000","0.00000","0.00000","0.00000","0.00000","0.00000","0.00000","0.00000","0.00000","0.00000","0.00000","0.00000","0.00000","0.00000"
"03/05/2026 18:17:19","212","0.00000","0.00000","1","0.00000","0.00000","0.00000","0.00000","128.000","0.00000","0.00000","0.00000","0.00000","0.00000","0.00000","0.00000","0.00000","0.00000","0.00000","0.00000","0.00000","0.00000","0.00000","0.00000","0.00000","0.00000"
"03/05/2026 18:17:20","213","0.00000","0.00000","1","0.00000","0.00000","0.00000","0.00000","129.000","0.00000","0.00000","0.00000","0.00000","0.00000","0.00000","0.00000","0.00000","0.00000","0.00000","0.00000","0.00000","0.00000","0.00000","0.00000","0.00000","0.00000"
"03/05/2026 18:17:21","214","0.00000","0.00000","1","0.00000","0.00000","0.00000","0.00000","130.000","0.00000","0.00000","0.00000","0.00000","0.00000","0.00000","0.00000","0.00000","0.00000","0.00000","0.00000","0.00000","0.00000","0.00000","0.00000","0.00000","0.00000"
"03/05/2026 18:17:22","215","0.00000","0.00000","1","0.00000","0.00000","0.00000","0.00000","128.000","0.00000","0.00000","0.00000","0.00000","0.00000","0.00000","0.00000","0.00000","0.00000","0.00000","0.00000","0.00000","0.00000","0.00000","0.00000","0.00000","0.00000"
"03/05/2026 18:17:23","216","0.00000","0.00000","1","0.00000","0.00000","0.00000","0.00000","128.000","0.00000","0.00000","0.00000","0.00000","0.00000","0.00000","0.00000","0.00000","0.00000","0.00000","0.00000","0.00000","0.00000","0.00000","0.00000","0.00000","0.00000"
"03/05/2026 18:17:24","217","0.00000","0.00000","1","0.00000","0.00000","0.00000","0.00000","128.000","0.00000","0.00000","0.00000","0.00000","0.00000","0.00000","0.00000","0.00000","0.00000","0.00000","0.00000","0.00000","0.00000","0.00000","0.00000","0.00000","0.00000"
"03/05/2026 18:17:25","218","0.00000","0.00000","1","0.00000","0.00000","0.00000","0.00000","127.000","0.00000","0.00000","0.00000","0.00000","0.00000","0.00000","0.00000","0.00000","0.00000","0.00000","0.00000","0.00000","0.00000","0.00000","0.00000","0.00000","0.00000"
"03/05/2026 18:17:26","219","0.00000","0.00000","1","0.00000","0.00000","0.00000","0.00000","126.000","0.00000","0.00000","0.00000","0.00000","0.00000","0.00000","0.00000","0.00000","0.00000","0.00000","0.00000","0.00000","0.00000","0.00000","0.00000","0.00000","0.00000"
"03/05/2026 18:17:27","220","0.00000","0.00000","1","0.00000","0.00000","0.00000","0.00000","127.000","0.00000","0.00000","0.00000","0.00000","0.00000","0.00000","0.00000","0.00000","0.00000","0.00000","0.00000","0.00000","0.00000","0.00000","0.00000","0.00000","0.00000"
"03/05/2026 18:17:28","221","0.00000","0.00000","1","0.00000","0.00000","0.00000","0.00000","130.000","0.00000","0.00000","0.00000","0.00000","0.00000","0.00000","0.00000","0.00000","0.00000","0.00000","0.00000","0.00000","0.00000","0.00000","0.00000","0.00000","0.00000"
"03/05/2026 18:17:29","222","0.00000","0.00000","1","0.00000","0.00000","0.00000","0.00000","129.000","0.00000","0.00000","0.00000","0.00000","0.00000","0.00000","0.00000","0.00000","0.00000","0.00000","0.00000","0.00000","0.00000","0.00000","0.00000","0.00000","0.00000"
"03/05/2026 18:17:30","223","0.00000","0.00000","1","0.00000","0.00000","0.00000","0.00000","126.000","0.00000","0.00000","0.00000","0.00000","0.00000","0.00000","0.00000","0.00000","0.00000","0.00000","0.00000","0.00000","0.00000","0.00000","0.00000","0.00000","0.00000"
"03/05/2026 18:17:31","224","0.00000","0.00000","1","0.00000","0.00000","0.00000","0.00000","127.000","0.00000","0.00000","0.00000","0.00000","0.00000","0.00000","0.00000","0.00000","0.00000","0.00000","0.00000","0.00000","0.00000","0.00000","0.00000","0.00000","0.00000"
"03/05/2026 18:17:32","225","0.00000","0.00000","1","0.00000","0.00000","0.00000","0.00000","127.000","0.00000","0.00000","0.00000","0.00000","0.00000","0.00000","0.00000","0.00000","0.00000","0.00000","0.00000","0.00000","0.00000","0.00000","0.00000","0.00000","0.00000"
"03/05/2026 18:17:33","226","0.00000","0.00000","1","0.00000","0.00000","0.00000","0.00000","129.000","0.00000","0.00000","0.00000","0.00000","0.00000","0.00000","0.00000","0.00000","0.00000","0.00000","0.00000","0.00000","0.00000","0.00000","0.00000","0.00000","0.00000"
"03/05/2026 18:17:34","227","0.00000","0.00000","1","0.00000","0.00000","0.00000","0.00000","129.000","0.00000","0.00000","0.00000","0.00000","0.00000","0.00000","0.00000","0.00000","0.00000","0.00000","0.00000","0.00000","0.00000","0.00000","0.00000","0.00000","0.00000"
"03/05/2026 18:17:35","228","0.00000","0.00000","1","0.00000","0.00000","0.00000","0.00000","129.000","0.00000","0.00000","0.00000","0.00000","0.00000","0.00000","0.00000","0.00000","0.00000","0.00000","0.00000","0.00000","0.00000","0.00000","0.00000","0.00000","0.00000"
"03/05/2026 18:17:36","229","0.00000","0.00000","1","0.00000","0.00000","0.00000","0.00000","130.000","0.00000","0.00000","0.00000","0.00000","0.00000","0.00000","0.00000","0.00000","0.00000","0.00000","0.00000","0.00000","0.00000","0.00000","0.00000","0.00000","0.00000"
"03/05/2026 18:17:37","230","0.00000","0.00000","1","0.00000","0.00000","0.00000","0.00000","128.000","0.00000","0.00000","0.00000","0.00000","0.00000","0.00000","0.00000","0.00000","0.00000","0.00000","0.00000","0.00000","0.00000","0.00000","0.00000","0.00000","0.00000"
"03/05/2026 18:17:38","231","0.00000","0.00000","1","0.00000","0.00000","0.00000","0.00000","128.000","0.00000","0.00000","0.00000","0.00000","0.00000","0.00000","0.00000","0.00000","0.00000","0.00000","0.00000","0.00000","0.00000","0.00000","0.00000","0.00000","0.00000"
"03/05/2026 18:17:39","232","0.00000","0.00000","1","0.00000","0.00000","0.00000","0.00000","128.000","0.00000","0.00000","0.00000","0.00000","0.00000","0.00000","0.00000","0.00000","0.00000","0.00000","0.00000","0.00000","0.00000","0.00000","0.00000","0.00000","0.00000"
"03/05/2026 18:17:40","233","0.00000","0.00000","1","0.00000","0.00000","0.00000","0.00000","127.000","0.00000","0.00000","0.00000","0.00000","0.00000","0.00000","0.00000","0.00000","0.00000","0.00000","0.00000","0.00000","0.00000","0.00000","0.00000","0.00000","0.00000"
"03/05/2026 18:17:41","234","0.00000","0.00000","1","0.00000","0.00000","0.00000","0.00000","127.000","0.00000","0.00000","0.00000","0.00000","0.00000","0.00000","0.00000","0.00000","0.00000","0.00000","0.00000","0.00000","0.00000","0.00000","0.00000","0.00000","0.00000"
"03/05/2026 18:17:42","235","0.00000","0.00000","1","0.00000","0.00000","0.00000","0.00000","128.000","0.00000","0.00000","0.00000","0.00000","0.00000","0.00000","0.00000","0.00000","0.00000","0.00000","0.00000","0.00000","0.00000","0.00000","0.00000","0.00000","0.00000"
"03/05/2026 18:17:43","236","0.00000","0.00000","1","0.00000","0.00000","0.00000","0.00000","128.000","0.00000","0.00000","0.00000","0.00000","0.00000","0.00000","0.00000","0.00000","0.00000","0.00000","0.00000","0.00000","0.00000","0.00000","0.00000","0.00000","0.00000"
"03/05/2026 18:17:44","237","0.00000","0.00000","1","0.00000","0.00000","0.00000","0.00000","128.000","0.00000","0.00000","0.00000","0.00000","0.00000","0.00000","0.00000","0.00000","0.00000","0.00000","0.00000","0.00000","0.00000","0.00000","0.00000","0.00000","0.00000"
"03/05/2026 18:17:45","238","0.00000","0.00000","1","0.00000","0.00000","0.00000","0.00000","126.000","0.00000","0.00000","0.00000","0.00000","0.00000","0.00000","0.00000","0.00000","0.00000","0.00000","0.00000","0.00000","0.00000","0.00000","0.00000","0.00000","0.00000"
"03/05/2026 18:17:46","239","0.00000","0.00000","1","0.00000","0.00000","0.00000","0.00000","128.000","0.00000","0.00000","0.00000","0.00000","0.00000","0.00000","0.00000","0.00000","0.00000","0.00000","0.00000","0.00000","0.00000","0.00000","0.00000","0.00000","0.00000"
"03/05/2026 18:17:47","240","0.00000","0.00000","1","0.00000","0.00000","0.00000","0.00000","127.000","0.00000","0.00000","0.00000","0.00000","0.00000","0.00000","0.00000","0.00000","0.00000","0.00000","0.00000","0.00000","0.00000","0.00000","0.00000","0.00000","0.00000"
"03/05/2026 18:17:48","241","0.00000","0.00000","1","0.00000","0.00000","0.00000","0.00000","128.000","0.00000","0.00000","0.00000","0.00000","0.00000","0.00000","0.00000","0.00000","0.00000","0.00000","0.00000","0.00000","0.00000","0.00000","0.00000","0.00000","0.00000"
"03/05/2026 18:17:49","242","0.00000","0.00000","1","0.00000","0.00000","0.00000","0.00000","128.000","0.00000","0.00000","0.00000","0.00000","0.00000","0.00000","0.00000","0.00000","0.00000","0.00000","0.00000","0.00000","0.00000","0.00000","0.00000","0.00000","0.00000"
"03/05/2026 18:17:50","243","0.00000","0.00000","1","0.00000","0.00000","0.00000","0.00000","126.000","0.00000","0.00000","0.00000","0.00000","0.00000","0.00000","0.00000","0.00000","0.00000","0.00000","0.00000","0.00000","0.00000","0.00000","0.00000","0.00000","0.00000"
"03/05/2026 18:17:51","244","0.00000","0.00000","1","0.00000","0.00000","0.00000","0.00000","128.000","0.00000","0.00000","0.00000","0.00000","0.00000","0.00000","0.00000","0.00000","0.00000","0.00000","0.00000","0.00000","0.00000","0.00000","0.00000","0.00000","0.00000"
"03/05/2026 18:17:52","245","0.00000","0.00000","1","0.00000","0.00000","0.00000","0.00000","127.000","0.00000","0.00000","0.00000","0.00000","0.00000","0.00000","0.00000","0.00000","0.00000","0.00000","0.00000","0.00000","0.00000","0.00000","0.00000","0.00000","0.00000"
"03/05/2026 18:17:53","246","0.00000","0.00000","1","0.00000","0.00000","0.00000","0.00000","129.000","0.00000","0.00000","0.00000","0.00000","0.00000","0.00000","0.00000","0.00000","0.00000","0.00000","0.00000","0.00000","0.00000","0.00000","0.00000","0.00000","0.00000"
"03/05/2026 18:17:54","247","0.00000","0.00000","1","0.00000","0.00000","0.00000","0.00000","128.000","0.00000","0.00000","0.00000","0.00000","0.00000","0.00000","0.00000","0.00000","0.00000","0.00000","0.00000","0.00000","0.00000","0.00000","0.00000","0.00000","0.00000"
"03/05/2026 18:17:55","248","0.00000","0.00000","1","0.00000","0.00000","0.00000","0.00000","126.000","0.00000","0.00000","0.00000","0.00000","0.00000","0.00000","0.00000","0.00000","0.00000","0.00000","0.00000","0.00000","0.00000","0.00000","0.00000","0.00000","0.00000"
"03/05/2026 18:17:56","249","0.00000","0.00000","1","0.00000","0.00000","0.00000","0.00000","124.000","0.00000","0.00000","0.00000","0.00000","0.00000","0.00000","0.00000","0.00000","0.00000","0.00000","0.00000","0.00000","0.00000","0.00000","0.00000","0.00000","0.00000"
"03/05/2026 18:17:57","250","0.00000","0.00000","1","0.00000","0.00000","0.00000","0.00000","123.000","0.00000","0.00000","0.00000","0.00000","0.00000","0.00000","0.00000","0.00000","0.00000","0.00000","0.00000","0.00000","0.00000","0.00000","0.00000","0.00000","0.00000"
"03/05/2026 18:17:58","251","0.00000","0.00000","1","0.00000","0.00000","0.00000","0.00000","123.000","0.00000","0.00000","0.00000","0.00000","0.00000","0.00000","0.00000","0.00000","0.00000","0.00000","0.00000","0.00000","0.00000","0.00000","0.00000","0.00000","0.00000"
"03/05/2026 18:17:59","252","0.00000","0.00000","1","0.00000","0.00000","0.00000","0.00000","0.00000","0.00000","0.00000","0.00000","0.00000","0.00000","0.00000","0.00000","0.00000","0.00000","0.00000","0.00000","0.00000","0.00000","0.00000","0.00000","0.00000","0.00000"
"03/05/2026 18:17:59","252","0.00000","0.00000","1","0.00000","0.00000","0.00000","0.00000","123.000","0.00000","0.00000","0.00000","0.00000","0.00000","0.00000","0.00000","0.00000","0.00000","0.00000","0.00000","0.00000","0.00000","0.00000","0.00000","0.00000","0.00000"
"03/05/2026 18:18:00","253","0.00000","0.00000","1","0.00000","0.00000","0.00000","0.00000","122.000","0.00000","0.00000","0.00000","0.00000","0.00000","0.00000","0.00000","0.00000","0.00000","0.00000","0.00000","0.00000","0.00000","0.00000","0.00000","0.00000","0.00000"
"03/05/2026 18:18:01","254","0.00000","0.00000","1","0.00000","0.00000","0.00000","0.00000","121.000","0.00000","0.00000","0.00000","0.00000","0.00000","0.00000","0.00000","0.00000","0.00000","0.00000","0.00000","0.00000","0.00000","0.00000","0.00000","0.00000","0.00000"
"03/05/2026 18:18:02","255","0.00000","0.00000","1","0.00000","0.00000","0.00000","0.00000","124.000","0.00000","0.00000","0.00000","0.00000","0.00000","0.00000","0.00000","0.00000","0.00000","0.00000","0.00000","0.00000","0.00000","0.00000","0.00000","0.00000","0.00000"
"03/05/2026 18:18:03","256","0.00000","0.00000","1","0.00000","0.00000","0.00000","0.00000","124.000","0.00000","0.00000","0.00000","0.00000","0.00000","0.00000","0.00000","0.00000","0.00000","0.00000","0.00000","0.00000","0.00000","0.00000","0.00000","0.00000","0.00000"
"03/05/2026 18:18:04","257","0.00000","0.00000","1","0.00000","0.00000","0.00000","0.00000","126.000","0.00000","0.00000","0.00000","0.00000","0.00000","0.00000","0.00000","0.00000","0.00000","0.00000","0.00000","0.00000","0.00000","0.00000","0.00000","0.00000","0.00000"
"03/05/2026 18:18:05","258","0.00000","0.00000","1","0.00000","0.00000","0.00000","0.00000","125.000","0.00000","0.00000","0.00000","0.00000","0.00000","0.00000","0.00000","0.00000","0.00000","0.00000","0.00000","0.00000","0.00000","0.00000","0.00000","0.00000","0.00000"
"03/05/2026 18:18:06","259","0.00000","0.00000","1","0.00000","0.00000","0.00000","0.00000","124.000","0.00000","0.00000","0.00000","0.00000","0.00000","0.00000","0.00000","0.00000","0.00000","0.00000","0.00000","0.00000","0.00000","0.00000","0.00000","0.00000","0.00000"
"03/05/2026 18:18:07","260","0.00000","0.00000","1","0.00000","0.00000","0.00000","0.00000","123.000","0.00000","0.00000","0.00000","0.00000","0.00000","0.00000","0.00000","0.00000","0.00000","0.00000","0.00000","0.00000","0.00000","0.00000","0.00000","0.00000","0.00000"
"03/05/2026 18:18:08","261","0.00000","0.00000","1","0.00000","0.00000","0.00000","0.00000","123.000","0.00000","0.00000","0.00000","0.00000","0.00000","0.00000","0.00000","0.00000","0.00000","0.00000","0.00000","0.00000","0.00000","0.00000","0.00000","0.00000","0.00000"
"03/05/2026 18:18:09","262","0.00000","0.00000","1","0.00000","0.00000","0.00000","0.00000","0.00000","0.00000","0.00000","0.00000","0.00000","0.00000","0.00000","0.00000","0.00000","0.00000","0.00000","0.00000","0.00000","0.00000","0.00000","0.00000","0.00000","0.00000"
"03/05/2026 18:18:09","262","0.00000","0.00000","1","0.00000","0.00000","0.00000","0.00000","124.000","0.00000","0.00000","0.00000","0.00000","0.00000","0.00000","0.00000","0.00000","0.00000","0.00000","0.00000","0.00000","0.00000","0.00000","0.00000","0.00000","0.00000"
"03/05/2026 18:18:10","263","0.00000","0.00000","1","0.00000","0.00000","0.00000","0.00000","127.000","0.00000","0.00000","0.00000","0.00000","0.00000","0.00000","0.00000","0.00000","0.00000","0.00000","0.00000","0.00000","0.00000","0.00000","0.00000","0.00000","0.00000"
"03/05/2026 18:18:11","264","0.00000","0.00000","1","0.00000","0.00000","0.00000","0.00000","126.000","0.00000","0.00000","0.00000","0.00000","0.00000","0.00000","0.00000","0.00000","0.00000","0.00000","0.00000","0.00000","0.00000","0.00000","0.00000","0.00000","0.00000"
"03/05/2026 18:18:12","265","0.00000","0.00000","1","0.00000","0.00000","0.00000","0.00000","127.000","0.00000","0.00000","0.00000","0.00000","0.00000","0.00000","0.00000","0.00000","0.00000","0.00000","0.00000","0.00000","0.00000","0.00000","0.00000","0.00000","0.00000"
"03/05/2026 18:18:13","266","0.00000","0.00000","1","0.00000","0.00000","0.00000","0.00000","0.00000","0.00000","0.00000","0.00000","0.00000","0.00000","0.00000","0.00000","0.00000","0.00000","0.00000","0.00000","0.00000","0.00000","0.00000","0.00000","0.00000","0.00000"
"03/05/2026 18:18:13","266","0.00000","0.00000","1","0.00000","0.00000","0.00000","0.00000","128.000","0.00000","0.00000","0.00000","0.00000","0.00000","0.00000","0.00000","0.00000","0.00000","0.00000","0.00000","0.00000","0.00000","0.00000","0.00000","0.00000","0.00000"
"03/05/2026 18:18:15","267","0.00000","0.00000","1","0.00000","0.00000","0.00000","0.00000","127.000","0.00000","0.00000","0.00000","0.00000","0.00000","0.00000","0.00000","0.00000","0.00000","0.00000","0.00000","0.00000","0.00000","0.00000","0.00000","0.00000","0.00000"
"03/05/2026 18:18:16","268","0.00000","0.00000","1","0.00000","0.00000","0.00000","0.00000","128.000","0.00000","0.00000","0.00000","0.00000","0.00000","0.00000","0.00000","0.00000","0.00000","0.00000","0.00000","0.00000","0.00000","0.00000","0.00000","0.00000","0.00000"
"03/05/2026 18:18:17","269","0.00000","0.00000","1","0.00000","0.00000","0.00000","0.00000","126.000","0.00000","0.00000","0.00000","0.00000","0.00000","0.00000","0.00000","0.00000","0.00000","0.00000","0.00000","0.00000","0.00000","0.00000","0.00000","0.00000","0.00000"
"03/05/2026 18:18:18","270","0.00000","0.00000","1","0.00000","0.00000","0.00000","0.00000","128.000","0.00000","0.00000","0.00000","0.00000","0.00000","0.00000","0.00000","0.00000","0.00000","0.00000","0.00000","0.00000","0.00000","0.00000","0.00000","0.00000","0.00000"
"03/05/2026 18:18:19","271","0.00000","0.00000","1","0.00000","0.00000","0.00000","0.00000","127.000","0.00000","0.00000","0.00000","0.00000","0.00000","0.00000","0.00000","0.00000","0.00000","0.00000","0.00000","0.00000","0.00000","0.00000","0.00000","0.00000","0.00000"
"03/05/2026 18:18:20","272","0.00000","0.00000","1","0.00000","0.00000","0.00000","0.00000","126.000","0.00000","0.00000","0.00000","0.00000","0.00000","0.00000","0.00000","0.00000","0.00000","0.00000","0.00000","0.00000","0.00000","0.00000","0.00000","0.00000","0.00000"
"03/05/2026 18:18:21","273","0.00000","0.00000","1","0.00000","0.00000","0.00000","0.00000","124.000","0.00000","0.00000","0.00000","0.00000","0.00000","0.00000","0.00000","0.00000","0.00000","0.00000","0.00000","0.00000","0.00000","0.00000","0.00000","0.00000","0.00000"
"03/05/2026 18:18:22","274","0.00000","0.00000","1","0.00000","0.00000","0.00000","0.00000","123.000","0.00000","0.00000","0.00000","0.00000","0.00000","0.00000","0.00000","0.00000","0.00000","0.00000","0.00000","0.00000","0.00000","0.00000","0.00000","0.00000","0.00000"
"03/05/2026 18:18:23","275","0.00000","0.00000","1","0.00000","0.00000","0.00000","0.00000","124.000","0.00000","0.00000","0.00000","0.00000","0.00000","0.00000","0.00000","0.00000","0.00000","0.00000","0.00000","0.00000","0.00000","0.00000","0.00000","0.00000","0.00000"
"03/05/2026 18:18:23","276","0.00000","0.00000","1","0.00000","0.00000","0.00000","0.00000","0.00000","0.00000","0.00000","0.00000","0.00000","0.00000","0.00000","0.00000","0.00000","0.00000","0.00000","0.00000","0.00000","0.00000","0.00000","0.00000","0.00000","0.00000"
"03/05/2026 18:18:24","276","0.00000","0.00000","1","0.00000","0.00000","0.00000","0.00000","110.000","0.00000","0.00000","0.00000","0.00000","0.00000","0.00000","0.00000","0.00000","0.00000","0.00000","0.00000","0.00000","0.00000","0.00000","0.00000","0.00000","0.00000"
"03/05/2026 18:18:25","277","0.00000","0.00000","1","0.00000","0.00000","0.00000","0.00000","98.0000","0.00000","0.00000","0.00000","0.00000","0.00000","0.00000","0.00000","0.00000","0.00000","0.00000","0.00000","0.00000","0.00000","0.00000","0.00000","0.00000","0.00000"
"03/05/2026 18:18:26","278","0.00000","0.00000","1","0.00000","0.00000","0.00000","0.00000","98.0000","0.00000","0.00000","0.00000","0.00000","0.00000","0.00000","0.00000","0.00000","0.00000","0.00000","0.00000","0.00000","0.00000","0.00000","0.00000","0.00000","0.00000"
"03/05/2026 18:18:27","279","0.00000","0.00000","1","0.00000","0.00000","0.00000","0.00000","98.0000","0.00000","0.00000","0.00000","0.00000","0.00000","0.00000","0.00000","0.00000","0.00000","0.00000","0.00000","0.00000","0.00000","0.00000","0.00000","0.00000","0.00000"
"03/05/2026 18:18:28","280","0.00000","0.00000","1","0.00000","0.00000","0.00000","0.00000","98.0000","0.00000","0.00000","0.00000","0.00000","0.00000","0.00000","0.00000","0.00000","0.00000","0.00000","0.00000","0.00000","0.00000","0.00000","0.00000","0.00000","0.00000"
"03/05/2026 18:18:29","281","0.00000","0.00000","1","0.00000","0.00000","0.00000","0.00000","98.0000","0.00000","0.00000","0.00000","0.00000","0.00000","0.00000","0.00000","0.00000","0.00000","0.00000","0.00000","0.00000","0.00000","0.00000","0.00000","0.00000","0.00000"
"03/05/2026 18:18:30","282","0.00000","0.00000","1","0.00000","0.00000","0.00000","0.00000","101.000","0.00000","0.00000","0.00000","0.00000","0.00000","0.00000","0.00000","0.00000","0.00000","0.00000","0.00000","0.00000","0.00000","0.00000","0.00000","0.00000","0.00000"
"03/05/2026 18:18:31","283","0.00000","0.00000","1","0.00000","0.00000","0.00000","0.00000","101.000","0.00000","0.00000","0.00000","0.00000","0.00000","0.00000","0.00000","0.00000","0.00000","0.00000","0.00000","0.00000","0.00000","0.00000","0.00000","0.00000","0.00000"
"03/05/2026 18:18:32","284","0.00000","0.00000","1","0.00000","0.00000","0.00000","0.00000","102.000","0.00000","0.00000","0.00000","0.00000","0.00000","0.00000","0.00000","0.00000","0.00000","0.00000","0.00000","0.00000","0.00000","0.00000","0.00000","0.00000","0.00000"
"03/05/2026 18:18:33","285","0.00000","0.00000","1","0.00000","0.00000","0.00000","0.00000","97.0000","0.00000","0.00000","0.00000","0.00000","0.00000","0.00000","0.00000","0.00000","0.00000","0.00000","0.00000","0.00000","0.00000","0.00000","0.00000","0.00000","0.00000"
"03/05/2026 18:18:33","286","0.00000","0.00000","1","0.00000","0.00000","0.00000","0.00000","0.00000","0.00000","0.00000","0.00000","0.00000","0.00000","0.00000","0.00000","0.00000","0.00000","0.00000","0.00000","0.00000","0.00000","0.00000","0.00000","0.00000","0.00000"
"03/05/2026 18:18:34","286","0.00000","0.00000","1","0.00000","0.00000","0.00000","0.00000","102.000","0.00000","0.00000","0.00000","0.00000","0.00000","0.00000","0.00000","0.00000","0.00000","0.00000","0.00000","0.00000","0.00000","0.00000","0.00000","0.00000","0.00000"
"03/05/2026 18:18:35","287","0.00000","0.00000","1","0.00000","0.00000","0.00000","0.00000","101.000","0.00000","0.00000","0.00000","0.00000","0.00000","0.00000","0.00000","0.00000","0.00000","0.00000","0.00000","0.00000","0.00000","0.00000","0.00000","0.00000","0.00000"
"03/05/2026 18:18:36","288","0.00000","0.00000","1","0.00000","0.00000","0.00000","0.00000","101.000","0.00000","0.00000","0.00000","0.00000","0.00000","0.00000","0.00000","0.00000","0.00000","0.00000","0.00000","0.00000","0.00000","0.00000","0.00000","0.00000","0.00000"
"03/05/2026 18:18:37","289","0.00000","0.00000","1","0.00000","0.00000","0.00000","0.00000","100.000","0.00000","0.00000","0.00000","0.00000","0.00000","0.00000","0.00000","0.00000","0.00000","0.00000","0.00000","0.00000","0.00000","0.00000","0.00000","0.00000","0.00000"
"03/05/2026 18:18:38","290","0.00000","0.00000","1","0.00000","0.00000","0.00000","0.00000","99.0000","0.00000","0.00000","0.00000","0.00000","0.00000","0.00000","0.00000","0.00000","0.00000","0.00000","0.00000","0.00000","0.00000","0.00000","0.00000","0.00000","0.00000"
"03/05/2026 18:18:39","291","0.00000","0.00000","1","0.00000","0.00000","0.00000","0.00000","100.000","0.00000","0.00000","0.00000","0.00000","0.00000","0.00000","0.00000","0.00000","0.00000","0.00000","0.00000","0.00000","0.00000","0.00000","0.00000","0.00000","0.00000"
"03/05/2026 18:18:40","292","0.00000","0.00000","1","0.00000","0.00000","0.00000","0.00000","102.000","0.00000","0.00000","0.00000","0.00000","0.00000","0.00000","0.00000","0.00000","0.00000","0.00000","0.00000","0.00000","0.00000","0.00000","0.00000","0.00000","0.00000"
"03/05/2026 18:18:40","293","0.00000","0.00000","1","0.00000","0.00000","0.00000","0.00000","0.00000","0.00000","0.00000","0.00000","0.00000","0.00000","0.00000","0.00000","0.00000","0.00000","0.00000","0.00000","0.00000","0.00000","0.00000","0.00000","0.00000","0.00000"
